bar_utc,time_utc,n_signals,n_symbols,event,coins
2026-10-04T16:00:00+00:00,2026-10-05T00:00:16+00:00,0,0,0,
2026-10-04T20:00:00+00:00,2026-10-05T00:10:43+00:00,0,150,0,
2026-10-05T00:00:00+00:00,2026-10-05T04:07:25+00:00,0,150,0,
2026-10-05T04:00:00+00:00,2026-10-05T08:02:10+00:00,0,150,0,
2026-10-05T08:00:00+00:00,2026-10-05T12:02:10+00:00,0,150,0,
2026-10-05T12:00:00+00:00,2026-10-05T16:02:11+00:00,0,150,0,
2026-10-05T16:00:00+00:00,2026-10-05T20:02:11+00:00,1,150,0,POLUSDT
2026-10-05T20:00:00+00:00,2026-10-06T00:02:11+00:00,0,150,0,
2026-10-06T00:00:00+00:00,2026-10-06T04:02:11+00:00,0,150,0,
2026-10-06T04:00:00+00:00,2026-10-06T08:02:10+00:00,2,150,0,CRVUSDT BOMEUSDT
2026-10-06T08:00:00+00:00,2026-10-06T12:02:10+00:00,1,150,0,LSKUSDT
