entry_time,exit_time,coin,signal_bar,entry_px,exit_px,stop,target,qty,notional,risk_usd,forced_min,bars_held,reason,pnl_gross,fees,funding,pnl_net,r_multiple
2026-10-07T16:02:11+00:00,2026-10-07T20:00:00+00:00,HEMI,2026-10-07T12:00:00+00:00,0.00590948,0.00631095,0.00550347,0.00631253,2410.57702246,14.24524947,0.97515169,0,1,TP,0.96778706,0.01325623,-0.00763395,0.96216477,0.98668216
2026-10-07T16:02:11+00:00,2026-10-08T16:00:00+00:00,ETHFI,2026-10-07T12:00:00+00:00,0.71034754,0.76619217,0.65395623,0.76638377,17.34720309,12.32254309,0.97515169,0,6,TP,0.96874817,0.01152623,0.00354273,0.95367921,0.97798037
2026-10-07T16:02:11+00:00,2026-10-08T16:00:00+00:00,GALA,2026-10-07T12:00:00+00:00,0.00229757,0.00212356,0.00212409,0.00246991,5639.64448588,12.95750195,0.97515169,0,6,SL,-0.98138503,0.01122013,0.00372528,-0.99633044,-1.02171842
2026-10-07T16:02:11+00:00,2026-10-08T16:00:00+00:00,KAITO,2026-10-07T12:00:00+00:00,0.31743934,0.30070953,0.30078473,0.33393527,58.8317166,18.67550129,0.97515169,0,6,SL,-0.98424332,0.01636504,0.00536921,-1.00597756,-1.03161137
2026-10-07T16:02:11+00:00,2026-10-08T16:00:00+00:00,LINK,2026-10-07T12:00:00+00:00,13.4173535,12.85787655,12.86109182,13.96690818,1.76367746,23.66388395,0.97515169,0,6,SL,-0.98673688,0.02085346,0.00434259,-1.01193294,-1.03771849
2026-10-07T16:02:11+00:00,2026-10-08T16:00:00+00:00,PENDLE,2026-10-07T12:00:00+00:00,2.27081756,2.13267678,2.13321008,2.40728992,7.11582214,16.15873388,0.97515169,0,6,SL,-0.98298525,0.01410052,0.00464564,-1.0017314,-1.027257
2026-10-07T16:02:11+00:00,2026-10-08T16:00:00+00:00,POL,2026-10-07T12:00:00+00:00,0.10247561,0.09771882,0.09774326,0.10715674,207.18185608,21.2310876,0.97515169,0,6,SL,-0.98552079,0.01866449,0.00610394,-1.01028922,-1.03603289
2026-10-07T16:02:11+00:00,2026-10-08T16:00:00+00:00,kBONK,2026-10-07T12:00:00+00:00,0.00343486,0.00321581,0.00321661,0.00365139,4485.81581791,15.40814259,0.97515169,0,6,SL,-0.98261005,0.01342515,0.0037672,-0.9998024,-1.02527885
2026-10-07T16:02:11+00:00,2026-10-08T16:00:00+00:00,kPEPE,2026-10-07T12:00:00+00:00,0.00405101,0.00384713,0.00384809,0.00425191,4829.63124464,19.56489654,0.97515169,0,6,SL,-0.9846879,0.0171653,0.00189129,-1.00374449,-1.02932139
2026-10-07T16:02:11+00:00,2026-10-08T20:00:00+00:00,BABY,2026-10-07T12:00:00+00:00,0.01295624,0.01229868,0.01230176,0.01360424,1497.37754638,19.40038024,0.97515169,0,7,SL,-0.98460567,0.01701727,0.00654763,-1.00817056,-1.03386025
2026-10-07T16:02:11+00:00,2026-10-08T20:00:00+00:00,XPL,2026-10-07T12:00:00+00:00,0.08653763,0.08106694,0.08108721,0.09194479,179.62592181,15.54440138,0.97515169,0,7,SL,-0.98267816,0.01354776,0.00275864,-0.99898455,-1.02444016
2026-10-08T20:02:11+00:00,2026-10-09T08:00:00+00:00,APT,2026-10-08T16:00:00+00:00,0.74408598,0.80729437,0.68030376,0.80749624,14.34903211,10.67691355,0.91254454,0,3,TP,0.90697928,0.01001736,0.00146808,0.89549384,0.98131522
2026-10-08T20:02:11+00:00,2026-10-09T12:00:00+00:00,GRAM,2026-10-08T16:00:00+00:00,1.39059756,1.46091139,1.31922329,1.46127671,12.84790603,17.8662668,0.91254454,0,4,TP,0.9033855,0.01648616,0.00334993,0.88354941,0.96822607
2026-10-08T20:02:11+00:00,2026-10-09T12:00:00+00:00,ZK,2026-10-08T16:00:00+00:00,0.01128582,0.01218399,0.01037896,0.01218704,1009.41040445,11.39202489,0.91254454,0,4,TP,0.90662181,0.0106608,0.002136,0.89382501,0.97948645
