time_utc,book,strategy,exec_day,coin,side,qty,px,mid,notional,fee,pnl,reason,status
2026-10-05T00:10:43+00:00,paper,momentum,2026-10-05,GRASS,BUY,14.5,0.6937734,0.6936,10.0597143,0.00452687,0.0,peringkat 1,paper
2026-10-05T00:10:43+00:00,paper,momentum,2026-10-05,SAND,BUY,134.0,0.07532583,0.075307,10.09366078,0.00454215,0.0,peringkat 2,paper
2026-10-05T00:10:43+00:00,paper,momentum,2026-10-05,SUPER,BUY,42.0,0.24454112,0.24448,10.27072704,0.00462183,0.0,peringkat 3,paper
2026-10-05T00:10:43+00:00,paper,momentum,2026-10-05,ZRO,BUY,5.2,1.96669155,1.9662,10.22679606,0.00460206,0.0,peringkat 4,paper
2026-10-05T00:10:43+00:00,paper,momentum,2026-10-05,INIT,BUY,86.0,0.11813453,0.118105,10.15956926,0.00457181,0.0,peringkat 5,paper
2026-10-05T00:10:43+00:00,paper,momentum,2026-10-05,PUMP,BUY,1547.0,0.00650062,0.006499,10.05646649,0.00452541,0.0,peringkat 6,paper
2026-10-05T00:10:43+00:00,paper,momentum,2026-10-05,FET,BUY,39.0,0.2592448,0.25918,10.11054701,0.00454975,0.0,peringkat 7,paper
2026-10-05T00:10:43+00:00,paper,momentum,2026-10-05,NIL,BUY,114.0,0.08875218,0.08873,10.11774881,0.00455299,0.0,peringkat 8,paper
2026-10-05T00:10:43+00:00,paper,momentum,2026-10-05,RUNE,BUY,12.6,0.79811948,0.79792,10.05630545,0.00452534,0.0,peringkat 9,paper
2026-10-05T00:10:43+00:00,paper,momentum,2026-10-05,SKY,BUY,103.0,0.09769142,0.097667,10.06221593,0.004528,0.0,peringkat 10,paper
