exec_day,rank,coin,ret_14d_pct,held_paper,held_live
2026-10-05,1,GRASS,93.53,1,0
2026-10-05,2,SAND,88.58,1,0
2026-10-05,3,SUPER,78.72,1,0
2026-10-05,4,ZRO,67.89,1,0
2026-10-05,5,INIT,59.95,1,0
2026-10-05,6,PUMP,54.21,1,0
2026-10-05,7,FET,44.05,1,0
2026-10-05,8,NIL,43.56,1,0
2026-10-05,9,RUNE,40.73,1,0
2026-10-05,10,SKY,37.85,1,0
2026-10-05,11,SEI,37.84,0,0
2026-10-05,12,MINA,34.98,0,0
2026-10-05,13,SUI,34.58,0,0
2026-10-05,14,WLD,34.02,0,0
2026-10-05,15,AXS,33.91,0,0
2026-10-05,16,0G,33.84,0,0
2026-10-05,17,PURR,33.56,0,0
2026-10-05,18,AERO,33.18,0,0
2026-10-05,19,MON,33.0,0,0
2026-10-05,20,IMX,31.71,0,0
2026-10-06,1,ZRO,84.08,1,0
2026-10-06,2,GRASS,78.64,1,0
2026-10-06,3,SAND,66.51,1,0
2026-10-06,4,NIL,56.51,1,0
2026-10-06,5,SUPER,55.56,1,0
2026-10-06,6,PUMP,47.65,1,0
2026-10-06,7,INIT,43.71,1,0
2026-10-06,8,0G,31.18,1,0
2026-10-06,9,GRIFFAIN,27.42,1,0
2026-10-06,10,PURR,27.42,0,0
2026-10-06,11,AAVE,26.05,0,0
2026-10-06,12,WLD,25.47,0,0
2026-10-06,13,FET,24.64,1,0
2026-10-06,14,SEI,24.56,0,0
2026-10-06,15,PYTH,24.37,0,0
2026-10-06,16,SKY,24.09,0,0
2026-10-06,17,IMX,24.05,0,0
2026-10-06,18,NEAR,24.03,0,0
2026-10-06,19,MON,22.84,0,0
2026-10-06,20,W,21.87,0,0
2026-10-07,1,ZRO,61.96,1,0
2026-10-07,2,GRIFFAIN,55.09,1,0
2026-10-07,3,GRASS,54.03,1,0
2026-10-07,4,SAND,53.97,1,0
2026-10-07,5,SUPER,45.09,1,0
2026-10-07,6,PUMP,37.73,1,0
2026-10-07,7,0G,30.88,1,0
2026-10-07,8,SKY,28.68,1,0
2026-10-07,9,INIT,25.19,1,0
2026-10-07,10,IMX,23.38,1,0
2026-10-07,11,STRK,21.58,0,0
2026-10-07,12,AAVE,21.31,0,0
2026-10-07,13,W,19.85,0,0
2026-10-07,14,RUNE,17.65,0,0
2026-10-07,15,AERO,17.47,0,0
2026-10-07,16,RESOLV,17.27,0,0
2026-10-07,17,IOTA,16.91,0,0
2026-10-07,18,WLD,16.8,0,0
2026-10-07,19,SEI,16.78,0,0
2026-10-07,20,NIL,16.39,0,0
2026-10-08,1,SAND,93.08,1,0
2026-10-08,2,PUMP,55.63,1,0
2026-10-08,3,ZRO,46.27,1,0
2026-10-08,4,GRASS,45.59,1,0
2026-10-08,5,W,44.64,1,0
2026-10-08,6,INIT,31.77,1,0
2026-10-08,7,MET,29.22,1,0
2026-10-08,8,STRK,28.23,1,0
2026-10-08,9,WLD,28.1,0,0
2026-10-08,10,SUPER,27.52,1,0
2026-10-08,11,AAVE,25.24,0,0
2026-10-08,12,JUP,23.74,0,0
2026-10-08,13,NEAR,23.18,0,0
2026-10-08,14,0G,22.95,1,0
2026-10-08,15,GALA,22.67,0,0
2026-10-08,16,JTO,21.24,0,0
2026-10-08,17,CHIP,21.13,0,0
2026-10-08,18,AXS,20.82,0,0
2026-10-08,19,IMX,20.7,0,0
2026-10-08,20,STX,20.29,0,0
2026-10-09,1,SAND,56.01,1,0
2026-10-09,2,PUMP,43.72,1,0
2026-10-09,3,STRK,42.49,1,0
2026-10-09,4,GRASS,38.12,1,0
2026-10-09,5,ZRO,36.53,1,0
2026-10-09,6,MET,34.39,1,0
2026-10-09,7,W,29.36,1,0
2026-10-09,8,SUPER,27.41,1,0
2026-10-09,9,STX,21.87,1,0
2026-10-09,10,IMX,20.2,0,0
2026-10-09,11,AERO,19.54,0,0
2026-10-09,12,PYTH,19.01,0,0
2026-10-09,13,GRIFFAIN,15.64,0,0
2026-10-09,14,INIT,14.97,1,0
2026-10-09,15,AVNT,14.81,0,0
2026-10-09,16,AAVE,12.99,0,0
2026-10-09,17,JUP,11.45,0,0
2026-10-09,18,0G,10.83,0,0
2026-10-09,19,GALA,9.3,0,0
2026-10-09,20,WLD,8.98,0,0
2026-10-10,1,STRK,77.19,1,0
2026-10-10,2,SAND,50.64,1,0
2026-10-10,3,W,38.37,1,0
2026-10-10,4,PUMP,29.98,1,0
2026-10-10,5,GRIFFAIN,29.1,0,0
2026-10-10,6,GRASS,24.23,1,0
2026-10-10,7,IMX,23.85,0,0
2026-10-10,8,STX,20.98,1,0
2026-10-10,9,ZRO,20.53,1,0
2026-10-10,10,SUPER,19.56,1,0
2026-10-10,11,ATOM,15.26,0,0
2026-10-10,12,MET,13.81,1,0
2026-10-10,13,AVNT,12.25,0,0
2026-10-10,14,INIT,9.81,1,0
2026-10-10,15,JUP,9.49,0,0
2026-10-10,16,ZK,9.12,0,0
2026-10-10,17,AAVE,8.78,0,0
2026-10-10,18,PYTH,8.07,0,0
2026-10-10,19,RUNE,7.05,0,0
2026-10-10,20,GALA,6.78,0,0
