time_utc,commit,momentum_mode,flush_mode,momentum,flush,live,errors,duration_s
2026-10-04T10:24:03+00:00,2c84928673,paper,paper,0,0,0,,0.0
2026-10-04T15:28:57+00:00,62aa41c1fe,paper,paper,0,0,0,,0.0
2026-10-04T16:29:05+00:00,62aa41c1fe,paper,paper,0,0,0,,0.0
2026-10-04T17:29:11+00:00,62aa41c1fe,paper,paper,0,0,0,,0.0
2026-10-04T18:29:19+00:00,62aa41c1fe,paper,paper,0,0,0,,0.0
2026-10-04T19:29:27+00:00,62aa41c1fe,paper,paper,0,0,0,,0.0
2026-10-04T20:29:34+00:00,62aa41c1fe,paper,paper,0,0,0,,0.0
2026-10-04T21:30:01+00:00,c2255042f0,paper,paper,0,0,0,,0.0
2026-10-04T22:30:07+00:00,c2255042f0,paper,paper,0,0,0,,0.0
2026-10-04T23:30:13+00:00,c2255042f0,paper,paper,0,0,0,,0.0
