tf,dir,exit,n,avgR_is,avgR_oos
15m,long,sl1.5_tp3,1135711,-0.16850509989456547,-0.16930035702466426
15m,long,sl1.5_tp4_trail2.5,1338326,-0.16247070328058313,-0.16782930706077023
15m,long,sl1_tp2,2222609,-0.24927997202927082,-0.25189035991672715
15m,long,sl2_tp2,1223839,-0.13024828541234382,-0.1271874320409049
15m,long,sl2_trail3,817133,-0.12033466659270976,-0.12467139893432487
15m,long,sl3_tp1.5,1331581,-0.08847099131568713,-0.0841655400260787
15m,short,sl1.5_tp3,1125352,-0.11953482731522005,-0.12419218279788577
15m,short,sl1.5_tp4_trail2.5,1322148,-0.11856947200720346,-0.1283226121885227
15m,short,sl1_tp2,2205057,-0.19829741170709902,-0.19877477667210403
15m,short,sl2_tp2,1223839,-0.0907980019780732,-0.09309058024399776
15m,short,sl2_trail3,810009,-0.08582230200608469,-0.09239417726593409
15m,short,sl3_tp1.5,1347065,-0.06507659990807109,-0.06376865347598153
1h,long,sl1.5_tp3,280494,-0.09702124641883453,-0.0834584937167096
1h,long,sl1.5_tp4_trail2.5,330511,-0.0936467294546476,-0.08368746408207432
1h,long,sl1_tp2,540152,-0.1396802620983258,-0.12729302982581295
1h,long,sl2_tp2,298925,-0.07397532061178802,-0.062301089170180346
1h,long,sl2_trail3,203030,-0.06854376817377764,-0.04562120508369507
1h,long,sl3_tp1.5,325262,-0.04742534748144277,-0.04058282405446332
1h,short,sl1.5_tp3,275701,-0.0464035953206689,-0.056441739411564947
1h,short,sl1.5_tp4_trail2.5,323885,-0.04268831349097085,-0.05389232381632115
1h,short,sl1_tp2,534110,-0.07806426088334098,-0.08766727039368402
1h,short,sl2_tp2,298925,-0.03125235642880259,-0.04149320102082761
1h,short,sl2_trail3,200748,-0.03862627072339571,-0.04009773350490464
1h,short,sl3_tp1.5,329859,-0.02253530576798127,-0.02721437002045846
4h,long,sl1.5_tp3,70718,-0.0359408711477107,-0.04136330410254181
4h,long,sl1.5_tp4_trail2.5,83824,-0.043206366173928534,-0.037016086622042865
4h,long,sl1_tp2,136177,-0.08751994207185772,-0.07458326195661641
4h,long,sl2_tp2,74809,-0.028113193596642397,-0.036013673129505014
4h,long,sl2_trail3,51298,-0.010012281158896299,0.004831023245964232
4h,long,sl3_tp1.5,82432,-0.017149131757397438,-0.023039408448313696
4h,short,sl1.5_tp3,69025,-0.04371747801712634,-0.019866893462672522
4h,short,sl1.5_tp4_trail2.5,80888,-0.0325619215417913,-0.020942429829001817
4h,short,sl1_tp2,132602,-0.0379515791088008,-0.03334841427117247
4h,short,sl2_tp2,74809,-0.022997236385073457,-0.01714751481035475
4h,short,sl2_trail3,50928,-0.05170150641610823,0.0013571119306817253
4h,short,sl3_tp1.5,83911,-0.011885099206137423,-0.013265070717109077
1d,long,sl1.5_tp3,11297,0.05396345784315561,0.023633218744689263
1d,long,sl1.5_tp4_trail2.5,13577,0.0644849412577466,0.023073187006697214
1d,long,sl1_tp2,21454,-0.00036445135951596947,-0.04211656572392026
1d,long,sl2_tp2,11848,0.023093898888320755,0.0008668255624621179
1d,long,sl2_trail3,8486,0.18153802494570417,0.09807292050419286
1d,long,sl3_tp1.5,13599,0.01669425157671766,-0.020252382068742483
1d,short,sl1.5_tp3,11194,-0.08361203083791405,-0.023077943711740427
1d,short,sl1.5_tp4_trail2.5,12971,-0.07864249856439272,0.01882195630236874
1d,short,sl1_tp2,21151,-0.05899014570582072,0.00490961641235527
1d,short,sl2_tp2,11848,-0.05142060351360348,-0.03058156254779822
1d,short,sl2_trail3,8581,-0.1327071849187403,0.0056324081983684495
1d,short,sl3_tp1.5,13561,-0.039078990868430155,-0.01729191081308415
