tf,lo,hi,W,H,events,mean,wr,t,n_is,mean_is,n_oos,mean_oos,base_is,base_oos
1d,0.1,0.5,5,3,5,0.00883388342159847,0.6,0.28348579162761556,5,0.00883388342159847,0,,0.006157680428550109,3.4646156944827475e-05
1d,0.1,0.5,5,7,4,-0.031575951130165404,0.25,-0.49683983655120395,4,-0.031575951130165404,0,,0.017371842419481583,0.000962909496277273
1d,0.1,0.5,5,14,4,-0.031681264093789074,0.25,-0.35570540409333695,4,-0.031681264093789074,0,,0.03868288388539776,0.0022655033212594733
1d,0.1,0.5,5,30,4,0.25127785611781267,0.5,0.9253192708052133,4,0.25127785611781267,0,,0.0955237365263869,0.00467916292095581
1d,0.1,0.5,10,3,18,0.0010277629417667555,0.4444444444444444,0.0643140614196086,15,0.002050485966585657,3,-0.0040858521823277675,0.006157680428550109,3.4646156944827475e-05
1d,0.1,0.5,10,7,12,0.017029305470263018,0.5,0.4889508892526453,10,0.022580707679453405,2,-0.010727705575688931,0.017371842419481583,0.000962909496277273
1d,0.1,0.5,10,14,11,0.030269096529994096,0.45454545454545453,0.49506566794094914,9,0.04805678985125429,2,-0.04977552341567677,0.03868288388539776,0.0022655033212594733
1d,0.1,0.5,10,30,11,0.14588491823139782,0.5454545454545454,1.2460279105356677,9,0.18991496309611156,2,-0.052250283659813976,0.0955237365263869,0.00467916292095581
1d,0.1,0.6,5,3,4,0.010700477361297728,0.5,0.2664642485195428,4,0.010700477361297728,0,,0.006157680428550109,3.4646156944827475e-05
1d,0.1,0.6,10,3,11,0.01910034539138245,0.5454545454545454,1.020142559030473,10,0.02011562266748228,1,0.008947572630384126,0.006157680428550109,3.4646156944827475e-05
1d,0.1,0.6,10,7,8,0.057470535997234076,0.75,1.4867861178884874,7,0.060373295575386676,1,0.03715121895016586,0.017371842419481583,0.000962909496277273
1d,0.1,0.6,10,14,7,0.0939964375133402,0.7142857142857143,1.3464615222960374,6,0.09315335903931536,1,0.09905490835748929,0.03868288388539776,0.0022655033212594733
1d,0.1,0.6,10,30,7,0.2764496323825467,0.7142857142857143,1.840082481871522,6,0.2964727590881764,1,0.15631087214876863,0.0955237365263869,0.00467916292095581
1d,0.1,0.7,10,3,9,0.0243964418711375,0.6666666666666666,0.875659027750116,8,0.03192618508449714,1,-0.03584150383573965,0.006157680428550109,3.4646156944827475e-05
1d,0.1,0.7,10,7,6,0.01166373030416043,0.5,0.23034510209602765,5,0.0251795024498781,1,-0.05591513042442792,0.017371842419481583,0.000962909496277273
1d,0.1,0.7,10,14,6,0.08069307026899623,0.6666666666666666,1.065184830202679,5,0.057488280336804184,1,0.1967170199299564,0.03868288388539776,0.0022655033212594733
1d,0.1,0.7,10,30,6,0.22549512051574783,0.6666666666666666,1.3710946921530471,5,0.2500367311127647,1,0.10278706753066337,0.0955237365263869,0.00467916292095581
1d,0.2,0.5,3,3,15,0.0044323335077236905,0.6,0.2806677129845555,10,0.004699850451314094,5,0.003897299620542882,0.006157680428550109,3.4646156944827475e-05
1d,0.2,0.5,3,7,15,-0.0040116041981291305,0.4666666666666667,-0.1238567959743623,10,0.011813503037676726,5,-0.035661818669740844,0.017371842419481583,0.000962909496277273
1d,0.2,0.5,3,14,14,0.013644112466270703,0.42857142857142855,0.3160635943876758,9,0.049226883290298194,5,-0.05040487501697879,0.03868288388539776,0.0022655033212594733
1d,0.2,0.5,3,30,12,0.13000985279354532,0.5833333333333334,1.2714354768310714,7,0.24891153751793377,5,-0.03645250582059842,0.0955237365263869,0.00467916292095581
1d,0.2,0.5,5,3,29,-0.00572158103836792,0.5172413793103449,-0.4589301345892914,19,-0.0013070261381138075,10,-0.014109235348850727,0.006157680428550109,3.4646156944827475e-05
1d,0.2,0.5,5,7,24,0.005949929690780113,0.5,0.2274933149970979,16,0.03872027886349012,8,-0.059590768654639886,0.017371842419481583,0.000962909496277273
1d,0.2,0.5,5,14,23,0.016870377611755537,0.43478260869565216,0.4655414954007292,15,0.06579249599180831,8,-0.07485859435084342,0.03868288388539776,0.0022655033212594733
1d,0.2,0.5,5,30,19,0.08678979041801833,0.47368421052631576,1.1379450855150854,12,0.18710472043093773,7,-0.08517866103270075,0.0955237365263869,0.00467916292095581
1d,0.2,0.5,10,3,56,0.007456205370212217,0.6071428571428571,0.8971342851031101,39,0.013261895218524198,17,-0.00586273016415057,0.006157680428550109,3.4646156944827475e-05
1d,0.2,0.5,10,7,36,0.007590521650371014,0.5833333333333334,0.4068841614604431,24,0.03234917412478127,12,-0.0419267832984495,0.017371842419481583,0.000962909496277273
1d,0.2,0.5,10,14,29,0.002244428099753,0.3793103448275862,0.07316329460410911,19,0.03857022360058514,10,-0.06677458335182805,0.03868288388539776,0.0022655033212594733
1d,0.2,0.5,10,30,23,0.06753862525526737,0.5217391304347826,1.0466240776426101,15,0.12175077349008437,8,-0.03410915268501449,0.0955237365263869,0.00467916292095581
1d,0.2,0.6,3,3,9,0.004807776998849216,0.6666666666666666,0.21244908717413202,6,0.017429552291406625,3,-0.020435773586265603,0.006157680428550109,3.4646156944827475e-05
1d,0.2,0.6,3,7,9,0.03411652743231272,0.6666666666666666,0.9581991673461079,6,0.03994367670554758,3,0.022462228885842987,0.017371842419481583,0.000962909496277273
1d,0.2,0.6,3,14,9,0.042465768657997977,0.5555555555555556,0.839145706057395,6,0.050559325956552305,3,0.026278654060889323,0.03868288388539776,0.0022655033212594733
1d,0.2,0.6,3,30,8,0.190148854127082,0.625,1.4370484670315467,5,0.2479683245893835,3,0.09378307002324611,0.0955237365263869,0.00467916292095581
1d,0.2,0.6,5,3,17,-0.002680440626961227,0.5294117647058824,-0.15363267906111783,13,0.01096916434439782,4,-0.04704165678387813,0.006157680428550109,3.4646156944827475e-05
1d,0.2,0.6,5,7,15,0.03190605355962782,0.6,1.0788341226536589,11,0.05125188798237437,4,-0.021294991102925195,0.017371842419481583,0.000962909496277273
1d,0.2,0.6,5,14,15,0.034260104299556435,0.5333333333333333,0.7654836130068624,11,0.056040581021667986,4,-0.025636206686250322,0.03868288388539776,0.0022655033212594733
1d,0.2,0.6,5,30,13,0.11887570852981891,0.5384615384615384,1.2035102504359945,9,0.1800245493467598,4,-0.01870918330829811,0.0955237365263869,0.00467916292095581
1d,0.2,0.6,10,3,39,0.01077664027338448,0.5897435897435898,1.0718852361695796,27,0.02432829056963802,12,-0.019714572893186,0.006157680428550109,3.4646156944827475e-05
1d,0.2,0.6,10,7,27,0.02817581489797756,0.6666666666666666,1.5327036969737187,18,0.043114781792479545,9,-0.0017021188910263975,0.017371842419481583,0.000962909496277273
1d,0.2,0.6,10,14,21,0.02343948015093043,0.5238095238095238,0.7306774735848633,14,0.04427872666168748,7,-0.018239012870583653,0.03868288388539776,0.0022655033212594733
1d,0.2,0.6,10,30,18,0.0596488396918989,0.5,0.7861725758543346,12,0.11122355979489625,6,-0.04350060051409576,0.0955237365263869,0.00467916292095581
1d,0.2,0.7,3,3,5,-0.0023064584139696003,0.6,-0.06274132763890772,3,0.01957420043977764,2,-0.03512744669459047,0.006157680428550109,3.4646156944827475e-05
1d,0.2,0.7,3,7,5,0.009451854080224666,0.6,0.2614808989879413,3,0.005674600897920085,2,0.015117733853681543,0.017371842419481583,0.000962909496277273
1d,0.2,0.7,3,14,5,0.06052430420283343,0.6,1.0283253339981824,3,0.10761348906299617,2,-0.010109473087410656,0.03868288388539776,0.0022655033212594733
1d,0.2,0.7,3,30,5,0.21223442463220343,0.6,1.0468964166935433,3,0.31204459508001575,2,0.06251916896048486,0.0955237365263869,0.00467916292095581
1d,0.2,0.7,5,3,14,-0.00498339028230693,0.5,-0.2671989240533427,11,0.003302630297511233,3,-0.0353654657416402,0.006157680428550109,3.4646156944827475e-05
1d,0.2,0.7,5,7,12,0.021589749842073402,0.5833333333333334,0.7295310501589394,9,0.03163962898021619,3,-0.008559887572354943,0.017371842419481583,0.000962909496277273
1d,0.2,0.7,5,14,12,0.03679897651936658,0.5,0.7234705496984296,9,0.0294544049419182,3,0.058832691251711706,0.03868288388539776,0.0022655033212594733
1d,0.2,0.7,5,30,10,0.13375430849450712,0.6,1.2399887318921436,7,0.15853109707049112,3,0.07594180181721104,0.0955237365263869,0.00467916292095581
1d,0.2,0.7,10,3,30,0.016648812572433003,0.7,1.464157181916271,21,0.030206336162954144,9,-0.014985409138783002,0.006157680428550109,3.4646156944827475e-05
1d,0.2,0.7,10,7,20,0.03894739852030775,0.65,1.792201015823602,13,0.06288734728024195,7,-0.005512506319570033,0.017371842419481583,0.000962909496277273
1d,0.2,0.7,10,14,17,0.03594808223079203,0.5294117647058824,0.8982744664898838,11,0.05262557323561316,6,0.005372682055286637,0.03868288388539776,0.0022655033212594733
1d,0.2,0.7,10,30,15,0.1146052558748789,0.6,1.3460003264411524,10,0.16836356886555195,5,0.007088629893532779,0.0955237365263869,0.00467916292095581
1d,0.3,0.5,3,3,33,-0.00019918076600362834,0.5454545454545454,-0.016403808311273797,20,-0.005356555425952236,13,0.007735241787763456,0.006157680428550109,3.4646156944827475e-05
1d,0.3,0.5,3,7,31,-0.004064357527189436,0.5161290322580645,-0.18341723734357762,18,0.01956993239403841,13,-0.03678875895658185,0.017371842419481583,0.000962909496277273
1d,0.3,0.5,3,14,28,0.014720581983972492,0.39285714285714285,0.4701849604926355,16,0.04649692834361661,12,-0.027647879828886324,0.03868288388539776,0.0022655033212594733
1d,0.3,0.5,3,30,19,0.09537824397835498,0.5789473684210527,1.5049740400626077,11,0.16616503135289898,8,-0.0019535886616430173,0.0955237365263869,0.00467916292095581
1d,0.3,0.5,5,3,51,0.00419755107351679,0.5882352941176471,0.4611530465253331,32,0.0029809929811162117,19,0.006246491018612501,0.006157680428550109,3.4646156944827475e-05
1d,0.3,0.5,5,7,36,0.005522197936279539,0.5555555555555556,0.27416236508944014,22,0.0305408787953004,14,-0.03379287198503896,0.017371842419481583,0.000962909496277273
1d,0.3,0.5,5,14,33,0.0151154054518666,0.42424242424242425,0.5434571612040033,20,0.04359437954696414,13,-0.02869840084828345,0.03868288388539776,0.0022655033212594733
1d,0.3,0.5,5,30,25,0.12353496666031566,0.6,2.047715234879232,16,0.17378909187826538,9,0.034194299606182796,0.0955237365263869,0.00467916292095581
1d,0.3,0.5,10,3,85,0.006191027648583576,0.611764705882353,0.9134512138795535,54,0.009671215289611219,31,0.00012876530614832577,0.006157680428550109,3.4646156944827475e-05
1d,0.3,0.5,10,7,54,0.006236441810643808,0.5370370370370371,0.4220610804942775,34,0.02529285554161204,20,-0.02615946153200217,0.017371842419481583,0.000962909496277273
1d,0.3,0.5,10,14,36,0.01563806782215317,0.4444444444444444,0.5655708534957805,23,0.0406978109837043,13,-0.02869840084828345,0.03868288388539776,0.0022655033212594733
1d,0.3,0.5,10,30,26,0.10997095820428439,0.5769230769230769,1.8474003037197404,17,0.15008801275622052,9,0.034194299606182796,0.0955237365263869,0.00467916292095581
1d,0.3,0.6,3,3,20,-4.5770659224749106e-05,0.5,-0.0030481904430840027,12,0.008526636883658817,8,-0.012904381973550092,0.006157680428550109,3.4646156944827475e-05
1d,0.3,0.6,3,7,19,0.01767625319652091,0.5789473684210527,0.6806204019653359,11,0.05914607264853591,8,-0.039344748549999725,0.017371842419481583,0.000962909496277273
1d,0.3,0.6,3,14,19,0.04323333625745046,0.5263157894736842,1.2427776622789752,11,0.07912604279794878,8,-0.006119135235734732,0.03868288388539776,0.0022655033212594733
1d,0.3,0.6,3,30,14,0.11384646277586581,0.5714285714285714,1.1570225356491992,9,0.2202506290930508,5,-0.07768103659506724,0.0955237365263869,0.00467916292095581
1d,0.3,0.6,5,3,34,0.008139588449016646,0.5882352941176471,0.7545297556506297,21,0.009674383126125166,13,0.005660304739841347,0.006157680428550109,3.4646156944827475e-05
1d,0.3,0.6,5,7,26,0.026439484795760457,0.6153846153846154,1.2857735048739933,15,0.05262259957085669,11,-0.009264762624825307,0.017371842419481583,0.000962909496277273
1d,0.3,0.6,5,14,26,0.03237057058508019,0.5,1.1438795111534719,15,0.05137256157187888,11,0.006458764693991064,0.03868288388539776,0.0022655033212594733
1d,0.3,0.6,5,30,21,0.12464043352467803,0.5714285714285714,1.5397318950196632,13,0.2027720089483072,8,-0.002323376538719314,0.0955237365263869,0.00467916292095581
1d,0.3,0.6,10,3,60,0.007476807414503569,0.5833333333333334,0.9260685528470993,38,0.019493409246071593,22,-0.013279141203659379,0.006157680428550109,3.4646156944827475e-05
1d,0.3,0.6,10,7,40,0.03390135633454826,0.65,2.1642265876293254,26,0.0524568698093431,14,-0.0005588829757850208,0.017371842419481583,0.000962909496277273
1d,0.3,0.6,10,14,29,0.03851703345010527,0.5517241379310345,1.457165962853416,18,0.05810819768995285,11,0.006458764693991064,0.03868288388539776,0.0022655033212594733
1d,0.3,0.6,10,30,23,0.12359027696739043,0.5652173913043478,1.64992320016571,15,0.1907442255039823,8,-0.002323376538719314,0.0955237365263869,0.00467916292095581
1d,0.3,0.7,3,3,11,0.00823441595352398,0.6363636363636364,0.3192846076421185,8,0.006292680857948731,3,0.013412376208391313,0.006157680428550109,3.4646156944827475e-05
1d,0.3,0.7,3,7,11,0.026723549693938108,0.6363636363636364,0.8553392239588526,8,0.02583395319050926,3,0.029095807036415035,0.017371842419481583,0.000962909496277273
1d,0.3,0.7,3,14,11,0.05628450405092384,0.5454545454545454,1.191539045911084,8,0.06300191576684107,3,0.038371406141811226,0.03868288388539776,0.0022655033212594733
1d,0.3,0.7,3,30,9,0.15598456660616586,0.5555555555555556,1.363483393242841,6,0.22576631178421244,3,0.016421076250072664,0.0955237365263869,0.00467916292095581
1d,0.3,0.7,5,3,24,0.002855083969988155,0.5833333333333334,0.20205702441095788,13,0.0027555697682041316,11,0.0029726916630056373,0.006157680428550109,3.4646156944827475e-05
1d,0.3,0.7,5,7,20,0.01826313103349652,0.6,0.8800496569838718,11,0.026432951263047632,9,0.008277795197378505,0.017371842419481583,0.000962909496277273
1d,0.3,0.7,5,14,20,0.015296844273432305,0.45,0.45769304797773147,11,0.022286914760398163,9,0.006753424789362922,0.03868288388539776,0.0022655033212594733
1d,0.3,0.7,5,30,15,0.05745114283553939,0.6,0.9343514709339136,8,0.07546195541454101,7,0.03686735703096611,0.0955237365263869,0.00467916292095581
1d,0.3,0.7,10,3,47,0.012132874372575049,0.6595744680851063,1.3421064048121867,31,0.020491717452185504,16,-0.004062384094170212,0.006157680428550109,3.4646156944827475e-05
1d,0.3,0.7,10,7,32,0.04181046195515241,0.65625,2.3328889194663436,21,0.05835033254557058,11,0.010234345373444972,0.017371842419481583,0.000962909496277273
1d,0.3,0.7,10,14,25,0.03670664944335619,0.52,1.2072474889029958,16,0.053555338311227406,9,0.006753424789362922,0.03868288388539776,0.0022655033212594733
1d,0.3,0.7,10,30,21,0.1594300548759955,0.6190476190476191,2.051212615160701,14,0.2207114037985103,7,0.03686735703096611,0.0955237365263869,0.00467916292095581
4h,0.1,0.5,3,3,110,-0.0010479628721314308,0.4909090909090909,-0.16412461652812857,78,0.0035443568535618144,32,-0.012241742203508712,0.006237324558812965,-0.0002272043895769201
4h,0.1,0.5,3,7,101,-0.008296172544790021,0.48514851485148514,-0.6988096845005547,74,-0.0005465189694253547,27,-0.029535963825419106,0.01755003310433907,0.0006828243492983342
4h,0.1,0.5,3,14,78,-0.0014401152731059626,0.5256410256410257,-0.07581600198425738,57,0.014232710942517105,21,-0.043980643572654285,0.038822973300066586,0.002366275750270994
4h,0.1,0.5,3,30,46,0.04110023169202705,0.391304347826087,1.0043440196975506,34,0.07046168891586273,12,-0.042090563775507385,0.09576893957902087,0.005056873341776543
4h,0.1,0.5,5,3,169,0.0035275036467521596,0.47337278106508873,0.708923133373996,127,0.009933682289568143,42,-0.01584356034461996,0.006237324558812965,-0.0002272043895769201
4h,0.1,0.5,5,7,111,-0.008595499896794059,0.4774774774774775,-0.7702931098449887,81,0.0012924472663615794,30,-0.03529295723731427,0.01755003310433907,0.0006828243492983342
4h,0.1,0.5,5,14,87,-0.0010705663905759724,0.5057471264367817,-0.05730155610322337,63,0.019512842340108617,24,-0.05510201430862302,0.038822973300066586,0.002366275750270994
4h,0.1,0.5,5,30,48,0.019535066498352155,0.375,0.5581605690815702,36,0.06283416528099757,12,-0.11036222984958409,0.09576893957902087,0.005056873341776543
4h,0.1,0.5,10,3,250,0.002525248864400525,0.484,0.6228446694708758,188,0.008488677643588884,62,-0.015557406143460946,0.006237324558812965,-0.0002272043895769201
4h,0.1,0.5,10,7,150,-0.001469856931947304,0.5,-0.1584370605517932,111,0.006763322526352766,39,-0.024902752313262885,0.01755003310433907,0.0006828243492983342
4h,0.1,0.5,10,14,98,-0.006328539895718262,0.5,-0.3603040210065188,71,0.009079289250724886,27,-0.046845423947476164,0.038822973300066586,0.002366275750270994
4h,0.1,0.5,10,30,57,0.03110354355546405,0.42105263157894735,0.8085832403448225,42,0.06025745625144446,15,-0.050527411993281104,0.09576893957902087,0.005056873341776543
4h,0.1,0.6,3,3,95,-0.003126193167694401,0.4631578947368421,-0.4315614450722885,69,0.0032830732928857734,26,-0.020135400313080247,0.006237324558812965,-0.0002272043895769201
4h,0.1,0.6,3,7,86,-0.019701149469606,0.43023255813953487,-1.4581411717692088,64,-0.011164735694019602,22,-0.044534353180402816,0.01755003310433907,0.0006828243492983342
4h,0.1,0.6,3,14,71,-0.00988954160649835,0.4788732394366197,-0.491305648928645,54,0.007127724102659651,17,-0.06394438562382375,0.038822973300066586,0.002366275750270994
4h,0.1,0.6,3,30,42,0.0380699903686902,0.35714285714285715,0.8196850858800465,33,0.06435187032162153,9,-0.05829690279205798,0.09576893957902087,0.005056873341776543
4h,0.1,0.6,5,3,144,0.0019148065682927373,0.4652777777777778,0.3348263046925701,109,0.007800948673370875,35,-0.016416321701807752,0.006237324558812965,-0.0002272043895769201
4h,0.1,0.6,5,7,101,-0.011076730525864843,0.48514851485148514,-0.9075242622793787,75,-0.0034306047494093834,26,-0.03313286257333249,0.01755003310433907,0.0006828243492983342
4h,0.1,0.6,5,14,81,-0.0042011129568156926,0.4691358024691358,-0.21534022199577987,59,0.016298471036377164,22,-0.059177270029469264,0.038822973300066586,0.002366275750270994
4h,0.1,0.6,5,30,47,0.01662892131689974,0.3829787234042553,0.46322286997959283,36,0.050097217780601166,11,-0.09290368529157765,0.09576893957902087,0.005056873341776543
4h,0.1,0.6,10,3,218,0.0028486114158106247,0.481651376146789,0.6276803068607585,166,0.009202401619608174,52,-0.01743464192708155,0.006237324558812965,-0.0002272043895769201
4h,0.1,0.6,10,7,135,-0.003251887679536589,0.4888888888888889,-0.32192955585078614,103,0.0010411153489921455,32,-0.017069991177613465,0.01755003310433907,0.0006828243492983342
4h,0.1,0.6,10,14,93,-0.0003928867537337033,0.5053763440860215,-0.022307327732360837,68,0.014587402975956128,25,-0.04113927481849004,0.038822973300066586,0.002366275750270994
4h,0.1,0.6,10,30,55,0.04502058617104627,0.45454545454545453,1.300580489619875,41,0.06502880685064706,14,-0.013574917247784637,0.09576893957902087,0.005056873341776543
4h,0.1,0.7,3,3,78,-0.0032780620042881506,0.5128205128205128,-0.4434918113024929,56,0.004750490511964375,22,-0.02371437750020367,0.006237324558812965,-0.0002272043895769201
4h,0.1,0.7,3,7,72,-0.021382403960979776,0.4027777777777778,-1.5099543645963036,52,-0.008111005691777633,20,-0.05588803946090533,0.01755003310433907,0.0006828243492983342
4h,0.1,0.7,3,14,59,0.0003609068501273037,0.4745762711864407,0.017016257362967396,44,0.021642008296560142,15,-0.06206365739274234,0.038822973300066586,0.002366275750270994
4h,0.1,0.7,3,30,40,0.038321164261262516,0.4,0.811958151831789,31,0.06714244893396373,9,-0.060952149611375024,0.09576893957902087,0.005056873341776543
4h,0.1,0.7,5,3,121,0.0026299422228408544,0.5289256198347108,0.4464578755088752,91,0.009130219340732168,30,-0.017087565034762796,0.006237324558812965,-0.0002272043895769201
4h,0.1,0.7,5,7,92,-0.00993549083403019,0.4891304347826087,-0.7924662802616924,67,0.0020226316060939814,25,-0.04198325897356299,0.01755003310433907,0.0006828243492983342
4h,0.1,0.7,5,14,76,-0.003674417226570959,0.42105263157894735,-0.20152813244854878,54,0.021739218186918676,22,-0.06605334051422733,0.038822973300066586,0.002366275750270994
4h,0.1,0.7,5,30,46,0.017647374384488775,0.3695652173913043,0.5006665159168381,35,0.04851103840501392,11,-0.08055519295354574,0.09576893957902087,0.005056873341776543
4h,0.1,0.7,10,3,188,0.0012187085131625955,0.5106382978723404,0.2572059123319163,145,0.008018833428914634,43,-0.02171194527251288,0.006237324558812965,-0.0002272043895769201
4h,0.1,0.7,10,7,120,-0.0024576832046865386,0.49166666666666664,-0.22977508145597172,90,0.005085761609160774,30,-0.025088017646228467,0.01755003310433907,0.0006828243492983342
4h,0.1,0.7,10,14,86,-0.00032223448427417205,0.46511627906976744,-0.01931710539989758,61,0.01974997978419356,25,-0.049298437299335446,0.038822973300066586,0.002366275750270994
4h,0.1,0.7,10,30,51,0.052395459648813404,0.47058823529411764,1.4620947482322806,38,0.07502040287774818,13,-0.01373898978961132,0.09576893957902087,0.005056873341776543
4h,0.2,0.5,3,3,180,-0.00010580208667789686,0.48333333333333334,-0.021830525118924523,126,0.004721455102671991,54,-0.01136940219516097,0.006237324558812965,-0.0002272043895769201
4h,0.2,0.5,3,7,149,0.0013457990390740627,0.5033557046979866,0.14227851558611554,106,0.008089643943041612,43,-0.015278562817218035,0.01755003310433907,0.0006828243492983342
4h,0.2,0.5,3,14,106,0.0008270167119346494,0.5188679245283019,0.04824188718678273,76,0.014519913377085332,30,-0.03386165483978044,0.038822973300066586,0.002366275750270994
4h,0.2,0.5,3,30,58,0.018048610022966725,0.46551724137931033,0.4824942366914607,42,0.03525961130651511,16,-0.027130268346347776,0.09576893957902087,0.005056873341776543
4h,0.2,0.5,5,3,262,0.004994800939988938,0.5114503816793893,1.284231785892777,190,0.009268460906049644,72,-0.006282912859337928,0.006237324558812965,-0.0002272043895769201
4h,0.2,0.5,5,7,156,0.0015032085464915272,0.4935897435897436,0.1641066511515636,109,0.007754765195303295,47,-0.012995082405008105,0.01755003310433907,0.0006828243492983342
4h,0.2,0.5,5,14,112,0.0030819325233686586,0.5178571428571429,0.1831677322510037,80,0.013158195526363974,32,-0.022108724984119622,0.038822973300066586,0.002366275750270994
4h,0.2,0.5,5,30,60,0.023135701437631655,0.45,0.667280114714432,44,0.04752339644476955,16,-0.04393045983199756,0.09576893957902087,0.005056873341776543
4h,0.2,0.5,10,3,351,0.0038423323530178896,0.49002849002849,1.0921725400203435,257,0.007487798699491508,94,-0.006124527764468495,0.006237324558812965,-0.0002272043895769201
4h,0.2,0.5,10,7,199,0.004087846933138587,0.507537688442211,0.48611355665627154,143,0.011850511159959172,56,-0.015734670646063986,0.01755003310433907,0.0006828243492983342
4h,0.2,0.5,10,14,123,0.004136799710030001,0.4959349593495935,0.24581796992866758,88,0.013441490700055451,35,-0.01925785192203398,0.038822973300066586,0.002366275750270994
4h,0.2,0.5,10,30,65,0.054844145910043815,0.4461538461538462,1.359632631130107,48,0.0880872922622274,17,-0.03901885555494516,0.09576893957902087,0.005056873341776543
4h,0.2,0.6,3,3,158,0.00177117956589051,0.4873417721518987,0.3389868403730616,116,0.004802641948632689,42,-0.006601430824540268,0.006237324558812965,-0.0002272043895769201
4h,0.2,0.6,3,7,133,-0.00161013897552668,0.48872180451127817,-0.15763944169716215,98,0.0006616764233983956,35,-0.00797122209251689,0.01755003310433907,0.0006828243492983342
4h,0.2,0.6,3,14,99,-0.0012959379632628343,0.5050505050505051,-0.07031960408412526,74,0.009471459097099752,25,-0.03316743326193608,0.038822973300066586,0.002366275750270994
4h,0.2,0.6,3,30,55,0.014184765958627363,0.4727272727272727,0.3938901287172786,41,0.028112831319865278,14,-0.026604568313569384,0.09576893957902087,0.005056873341776543
4h,0.2,0.6,5,3,227,0.005867382561256822,0.5066079295154186,1.3806912433081344,168,0.009509477888077225,59,-0.0045033295557911105,0.006237324558812965,-0.0002272043895769201
4h,0.2,0.6,5,7,142,-0.0004787644786620166,0.4788732394366197,-0.048142647116388944,103,0.0015984447374529965,39,-0.005964727280196542,0.01755003310433907,0.0006828243492983342
4h,0.2,0.6,5,14,106,0.003023787897155804,0.49056603773584906,0.17316822628241388,77,0.009854454029750968,29,-0.015112808385941688,0.038822973300066586,0.002366275750270994
4h,0.2,0.6,5,30,58,0.025765627417974397,0.4827586206896552,0.7329890049934908,43,0.03652743144941148,15,-0.005084877472145245,0.09576893957902087,0.005056873341776543
4h,0.2,0.6,10,3,302,0.005037406731626985,0.5033112582781457,1.3594795489925375,226,0.007888422661072364,76,-0.003440614321723748,0.006237324558812965,-0.0002272043895769201
4h,0.2,0.6,10,7,179,0.0005288094105652739,0.48044692737430167,0.06113532862854752,133,0.003961967381451204,46,-0.009397495157431004,0.01755003310433907,0.0006828243492983342
4h,0.2,0.6,10,14,116,0.004028034742568662,0.49137931034482757,0.24967950991873042,83,0.011048290271391127,33,-0.01362897158749997,0.038822973300066586,0.002366275750270994
4h,0.2,0.6,10,30,63,0.04479370086258977,0.49206349206349204,1.2182170066830134,47,0.07112686156774646,16,-0.032559958708808,0.09576893957902087,0.005056873341776543
4h,0.2,0.7,3,3,135,0.001511741364891655,0.5259259259259259,0.2793099693329271,99,0.0069905147233020335,36,-0.013554885370736881,0.006237324558812965,-0.0002272043895769201
4h,0.2,0.7,3,7,118,-0.0016768391141492817,0.4745762711864407,-0.15935691471707336,88,0.004595955703924991,30,-0.020077037247167143,0.01755003310433907,0.0006828243492983342
4h,0.2,0.7,3,14,90,-0.004595345872103398,0.4777777777777778,-0.2558423562143453,66,0.009314439861372212,24,-0.042847256639161335,0.038822973300066586,0.002366275750270994
4h,0.2,0.7,3,30,52,0.015258110874060756,0.4423076923076923,0.4508862560854451,39,0.02847800688234538,13,-0.024401577150793125,0.09576893957902087,0.005056873341776543
4h,0.2,0.7,5,3,196,0.0034692178442144177,0.5255102040816326,0.7774365815305182,147,0.007745824418320751,49,-0.009360601878104582,0.006237324558812965,-0.0002272043895769201
4h,0.2,0.7,5,7,132,-0.0013390992961618284,0.4696969696969697,-0.12790848206661273,95,0.0024749974441836907,37,-0.011132050386238155,0.01755003310433907,0.0006828243492983342
4h,0.2,0.7,5,14,100,0.0021516046746748747,0.46,0.1264627104060187,71,0.012287538032778744,29,-0.022663956305510456,0.038822973300066586,0.002366275750270994
4h,0.2,0.7,5,30,55,0.02820308450691841,0.4727272727272727,0.8681937597975204,41,0.03941465453069886,14,-0.004630799134152923,0.09576893957902087,0.005056873341776543
4h,0.2,0.7,10,3,266,0.003053525852998278,0.518796992481203,0.7865986527496559,201,0.006072131908154308,65,-0.006280932871407295,0.006237324558812965,-0.0002272043895769201
4h,0.2,0.7,10,7,160,-0.0005383041849274392,0.46875,-0.05693539818461689,119,0.0035774297112393795,41,-0.012483970859167715,0.01755003310433907,0.0006828243492983342
4h,0.2,0.7,10,14,109,0.00020300691356380893,0.45871559633027525,0.012840539908427855,78,0.009249463832552037,31,-0.02255904597937432,0.038822973300066586,0.002366275750270994
4h,0.2,0.7,10,30,61,0.05855358421538362,0.4918032786885246,1.634323835884447,45,0.09018762448769453,16,-0.030417154050490783,0.09576893957902087,0.005056873341776543
4h,0.3,0.5,3,3,247,0.0013375616161437746,0.4979757085020243,0.29799921067643537,172,0.005712857088687526,75,-0.008696449334223233,0.006237324558812965,-0.0002272043895769201
4h,0.3,0.5,3,7,180,0.0035021142600981684,0.49444444444444446,0.4040815163391192,126,0.010080313533809428,54,-0.011847017378561432,0.01755003310433907,0.0006828243492983342
4h,0.3,0.5,3,14,122,0.0174809429383572,0.5163934426229508,0.9660205302351673,87,0.02890189400597709,35,-0.01090827828686939,0.038822973300066586,0.002366275750270994
4h,0.3,0.5,3,30,62,0.03059013681749377,0.5,0.8031567379285754,44,0.05050667188425333,18,-0.018094726679029626,0.09576893957902087,0.005056873341776543
4h,0.3,0.5,5,3,331,0.003882537731168078,0.5075528700906344,1.0348961523667952,239,0.00709336683717361,92,-0.004458637881172392,0.006237324558812965,-0.0002272043895769201
4h,0.3,0.5,5,7,185,0.0031027796478080814,0.5027027027027027,0.36278148274811245,130,0.009258334490985332,55,-0.011446713617883592,0.01755003310433907,0.0006828243492983342
4h,0.3,0.5,5,14,128,0.017936522025014588,0.53125,1.0158749455796128,92,0.02755046783151982,36,-0.006632450591609902,0.038822973300066586,0.002366275750270994
4h,0.3,0.5,5,30,64,0.031098449609538146,0.453125,0.8867176825608807,46,0.05681139422752837,18,-0.03461240885865909,0.09576893957902087,0.005056873341776543
4h,0.3,0.5,10,3,397,0.006313439902903861,0.4987405541561713,1.8492091817225962,290,0.009407507029747287,107,-0.002072349506297946,0.006237324558812965,-0.0002272043895769201
4h,0.3,0.5,10,7,214,0.011173620685632386,0.5327102803738317,1.3568398916732938,151,0.018909709952446795,63,-0.007368434541176759,0.01755003310433907,0.0006828243492983342
4h,0.3,0.5,10,14,131,0.018140889947368174,0.5190839694656488,1.0334902179774423,93,0.02763093285253152,38,-0.0050847413731631985,0.038822973300066586,0.002366275750270994
4h,0.3,0.5,10,30,68,0.05931428891676126,0.47058823529411764,1.4540126371145778,49,0.08743257509585464,19,-0.013201291229321618,0.09576893957902087,0.005056873341776543
4h,0.3,0.6,3,3,205,0.004020050937306981,0.4975609756097561,0.8326258331673061,148,0.00787470689757986,57,-0.005988529450769967,0.006237324558812965,-0.0002272043895769201
4h,0.3,0.6,3,7,162,-2.2528327140333223e-05,0.4876543209876543,-0.002422009420668496,116,0.0036722785683451827,46,-0.009339867454886418,0.01755003310433907,0.0006828243492983342
4h,0.3,0.6,3,14,112,0.01778218619791853,0.5089285714285714,0.9350738875215195,82,0.028328723234744488,30,-0.011045015036072426,0.038822973300066586,0.002366275750270994
4h,0.3,0.6,3,30,58,0.03378485730525563,0.5172413793103449,0.8590715837256183,42,0.05909967160916589,16,-0.032666530242508804,0.09576893957902087,0.005056873341776543
4h,0.3,0.6,5,3,284,0.00639867466145533,0.5035211267605634,1.584677557515099,208,0.010007042362596863,76,-0.0034768579943004474,0.006237324558812965,-0.0002272043895769201
4h,0.3,0.6,5,7,170,9.506093075414279e-05,0.48823529411764705,0.010332918611891787,123,0.003235813177809054,47,-0.008124354524304458,0.01755003310433907,0.0006828243492983342
4h,0.3,0.6,5,14,118,0.020781981226595726,0.5169491525423728,1.1497730783771425,85,0.031474156643148614,33,-0.006758470603919291,0.038822973300066586,0.002366275750270994
4h,0.3,0.6,5,30,61,0.042023820268686174,0.5081967213114754,1.0322605457702922,44,0.0599643877209755,17,-0.004410589607827318,0.09576893957902087,0.005056873341776543
4h,0.3,0.6,10,3,343,0.007631507662645082,0.5072886297376094,2.127788644122507,253,0.010255467960425719,90,0.00025526371443950467,0.006237324558812965,-0.0002272043895769201
4h,0.3,0.6,10,7,195,0.010567897825765202,0.5128205128205128,1.2010819667741721,142,0.014061907536587672,53,0.0012065887892219866,0.01755003310433907,0.0006828243492983342
4h,0.3,0.6,10,14,124,0.017152515031632603,0.5161290322580645,1.0112372073741507,89,0.028371582133428056,35,-0.011375969884361539,0.038822973300066586,0.002366275750270994
4h,0.3,0.6,10,30,66,0.06691405311770973,0.5151515151515151,1.5687073868390864,48,0.0940067565618491,18,-0.00533315606666186,0.09576893957902087,0.005056873341776543
4h,0.3,0.7,3,3,173,0.00536003199382587,0.5433526011560693,1.100596499241585,125,0.008096106480785391,48,-0.0017651619826312196,0.006237324558812965,-0.0002272043895769201
4h,0.3,0.7,3,7,145,-0.0005978547295510477,0.4827586206896552,-0.06374082521018305,104,0.004482372565567558,41,-0.01348428494155922,0.01755003310433907,0.0006828243492983342
4h,0.3,0.7,3,14,103,0.0063963337571563495,0.4854368932038835,0.3509910436034651,73,0.016400879014977502,30,-0.017948059703541783,0.038822973300066586,0.002366275750270994
4h,0.3,0.7,3,30,56,0.04484611161842668,0.48214285714285715,1.0380998853984147,41,0.06817754810616443,15,-0.018926481448056507,0.09576893957902087,0.005056873341776543
4h,0.3,0.7,5,3,247,0.004407816633590075,0.5263157894736842,1.0462759605270613,185,0.0061649910272355,62,-0.0008353650248680517,0.006237324558812965,-0.0002272043895769201
4h,0.3,0.7,5,7,155,0.00037841912273501633,0.49032258064516127,0.03912855947931041,112,0.004564187019499592,43,-0.010524046096744812,0.01755003310433907,0.0006828243492983342
4h,0.3,0.7,5,14,112,0.013457366682219977,0.48214285714285715,0.745653712921991,80,0.024286335800508475,32,-0.013615056113501264,0.038822973300066586,0.002366275750270994
4h,0.3,0.7,5,30,58,0.056597453055289466,0.4827586206896552,1.2635756708435428,42,0.07109791792448363,16,0.01853373277365484,0.09576893957902087,0.005056873341776543
4h,0.3,0.7,10,3,304,0.0065003283820906,0.5296052631578947,1.6925924561892522,228,0.008998632414248081,76,-0.0009945837143818463,0.006237324558812965,-0.0002272043895769201
4h,0.3,0.7,10,7,177,0.007386990933575881,0.4971751412429379,0.7737426883006621,130,0.011999642314496718,47,-0.005371406503013669,0.01755003310433907,0.0006828243492983342
4h,0.3,0.7,10,14,117,0.014244923232781538,0.48717948717948717,0.8542141496514625,83,0.02583630730564194,34,-0.014051690827436503,0.038822973300066586,0.002366275750270994
4h,0.3,0.7,10,30,63,0.07699511424503172,0.4603174603174603,1.7325771597291464,46,0.1024243645720729,17,0.008186554536567362,0.09576893957902087,0.005056873341776543
