tf,cid,exit,n_is,avgR_is,t_is,wr_is,pf_is,totR_is,avgret_is,sym_pos_is,bars_is,n_oos,avgR_oos,t_oos,wr_oos,pf_oos,totR_oos,avgret_oos,sym_pos_oos,bars_oos,y2020,y2021,y2022,y2023,y2024,y2025,y2026,dir,trigger,state1,state2,src,data,yrs_pos,yrs_n,score,name,t_daily_is,t_daily_oos,days_is,days_oos,base_avgR_is,base_avgR_oos,pf_final_x,pf_cagr,pf_max_dd,pf_sharpe,pf_taken,oos_final_x,oos_cagr,oos_max_dd,oos_sharpe,oos_taken,hl_n,hl_avgR,hl_wr,hl_t_daily,survive
1d,267,sl1.5_tp3,200,0.6256909724375841,6.05383799786305,0.55,2.4246874495162287,125.13819448751683,0.06495055893734167,0.7627118644067796,17.185,362,0.4610944141339386,5.937472653586403,0.494475138121547,1.9392440742045043,166.91617791648576,0.06575095470863894,0.6268656716417911,17.23204419889503,,0.27708546857229266,0.49207981558446445,0.8260344237992877,1.2879412779256074,0.5066055853822133,0.23202151885095526,long,macd_x,breadth_extreme,fg_trend,combo,cross+macro,6,6,2.7377354746417044,1d long macd_x | breadth_extreme + fg_trend [sl1.5_tp3],2.9930413907846933,2.092612067821273,55,72,0.05396345784315561,0.023633218744689263,2.329271715888136,0.17833402156212785,-0.20653261593366157,1.3016525001077066,238,1.0929913452947704,0.05916634746962535,-0.20653261593366135,0.49684346568207727,115,389,0.5151288005435583,0.5141388174807198,3.1170770083104715,True
1d,125,sl1.5_tp4_trail2.5,335,0.5082769396426875,6.475685992621486,0.4835820895522388,2.5131054303147637,170.27277478030032,0.06934032300841776,0.8888888888888888,16.02089552238806,616,0.3934754410625464,7.392385693101836,0.512987012987013,2.223922883972976,242.3808716945286,0.05298081386073293,0.7391304347826086,15.626623376623376,,0.15788335082094776,0.3415779927330713,,2.18653235440344,0.3764045272500991,0.4282059208878704,long,cvd_divergence,fg_extreme,stable_growth,combo,macro+taker,5,5,2.5480234021292927,1d long cvd_divergence | fg_extreme + stable_growth [sl1.5_tp4_trail2.5],1.5477815862589848,1.9202635954323644,54,48,0.0644849412577466,0.023073187006697214,1.3722104296664612,0.06548723915334831,-0.25122803271470695,0.6259450290167824,246,1.1120973871049566,0.09242350688518641,-0.16909280178680486,0.5441737014991664,111,0,,,,False
1d,147,sl1.5_tp4_trail2.5,392,0.5556399215008737,7.59162695419428,0.5229591836734694,2.6568245170849143,217.8108492283425,0.08418571123213218,0.9466666666666667,16.367346938775512,688,0.3447087333522772,6.914202968667681,0.48691860465116277,2.0363843256570773,237.1596085463667,0.049181218690639655,0.7428571428571429,15.79796511627907,,0.30352980579176003,0.1593023671531227,,2.13576749783929,0.32323764856890264,0.3866372465558628,long,stoch_rev,fg_extreme,stable_growth,combo,macro,5,5,2.383386147469991,1d long stoch_rev | fg_extreme + stable_growth [sl1.5_tp4_trail2.5],1.650633413701734,1.687992593218156,56,62,0.0644849412577466,0.023073187006697214,1.8525432382146902,0.10661276978966394,-0.21949485337944996,0.9073277011097653,260,1.2170316649974355,0.17665646308902638,-0.16441602011446066,1.2521594336841764,108,732,0.36378828884860476,0.4822404371584699,1.9271469893384598,False
1d,257,sl2_tp2,141,0.3690610310230454,5.310703280181221,0.6879432624113475,2.5165180112267893,52.037605374249395,0.08776754558299699,0.7377049180327869,23.74468085106383,253,0.3379416853628084,5.722560659039633,0.6640316205533597,2.047237715549245,85.49924639679053,0.06686685735841329,0.7115384615384616,17.395256916996047,,0.1490287677083773,0.42609961918154976,,0.35377328879178965,0.3194882732217566,0.49905416828660726,long,rsi_30_70_rev,taker_flow_side,stable_growth,combo,macro+taker,5,5,1.7947080169662364,1d long rsi_30_70_rev | taker_flow_side + stable_growth [sl2_tp2],2.766064286759863,1.7343393468921786,43,70,0.023093898888320755,0.0008668255624621179,1.4787425943366372,0.06635460384925529,-0.1185627401592022,0.8715374196884221,204,1.1861543495838416,0.1390285349467717,-0.11856274015920198,0.9877494517121633,119,0,,,,False
1d,270,sl1_tp2,140,0.4453076673478007,3.876793295806895,0.5571428571428572,1.9922009978883748,62.343073428692094,0.06717261860462505,0.6792452830188679,13.664285714285715,222,0.6685423053205769,7.036733642648897,0.6126126126126126,2.657093271525321,148.41639178116807,0.06390399884779559,0.6822429906542056,11.072072072072071,,1.1310948948243535,0.24222458551888063,,0.4985763486787978,0.9099207301258894,0.0016832672991203457,short,rsi2_extreme,rsi_side,vol_expanding,combo,ohlcv,5,5,1.7263657793453608,1d short rsi2_extreme | rsi_side + vol_expanding [sl1_tp2],1.6420589003129062,2.0964146539021735,60,78,-0.05899014570582072,0.00490961641235527,1.6840659493619938,0.09034435601014512,-0.21447266988249059,0.6479479079037904,236,1.42207184928632,0.2241134955586832,-0.12564680025320119,1.238558706339498,137,250,0.6726993962236271,0.6,2.41486199016095,False
1d,119,sl1_tp2,612,0.31174454411136493,5.2865824284020215,0.4542483660130719,1.5701087256909474,190.78766099615535,0.02061520039054965,0.7076923076923077,7.246732026143791,598,0.3469198800543784,6.010240445424479,0.49665551839464883,1.6904046250617857,207.4580882725183,0.03345211875095486,0.6714285714285714,9.117056856187292,,,0.29439812805348026,0.41836355413154425,-0.8950539760416086,0.8494835704630413,0.32407607594489374,short,vwap_month_x,smc_structure,stable_growth,combo,macro,4,5,1.6480632290493407,1d short vwap_month_x | smc_structure + stable_growth [sl1_tp2],2.0251279275224627,1.5341985792365587,157,112,-0.05899014570582072,0.00490961641235527,2.5014029573996686,0.15054362673841726,-0.3824299749962011,0.7219425103265973,508,1.5101124433626945,0.6545226425738313,-0.14420495280551826,1.9459376386493106,161,521,0.3746885822901941,0.4971209213051823,1.7284583106538411,False
1d,152,sl1.5_tp4_trail2.5,473,0.2957111693725195,4.871177640213254,0.5010570824524313,1.7721868941257857,139.87138311320172,0.029309572139376842,0.6125,14.966173361522198,375,0.30518748011918356,4.974641103566851,0.5253333333333333,1.9354948166440678,114.44530504469384,0.04108936297922941,0.582089552238806,17.128,0.4199997658187203,0.36002951208076084,0.1534732371887604,0.45453535019326075,0.16063027854072465,0.42296325126277035,-0.027709342398913827,short,ha_flip,weekend,fg_trend,combo,macro,6,7,1.4404616362087315,1d short ha_flip | weekend + fg_trend [sl1.5_tp4_trail2.5],1.9322263237502737,1.7377512034793665,120,67,-0.07864249856439272,0.01882195630236874,2.494499077307457,0.14958749890542022,-0.18314296009840847,0.8578151129554437,469,1.2817919723847473,0.15803654253884147,-0.11934622283837049,1.0079386022905181,170,595,0.36667196810527447,0.5546218487394958,3.004273138876898,False
1d,288,sl2_trail3,215,0.5360258255523834,3.9551141563617698,0.48372093023255813,2.9838379346234207,115.24555249376243,0.1127418730410379,0.7441860465116279,24.962790697674418,455,0.33339268499606384,4.313655913768665,0.4901098901098901,2.2765745028734115,151.69367167320905,0.06480949027198439,0.5971223021582733,22.674725274725276,,0.7560285916687505,0.1243712048082309,,,0.12494802622840583,0.6088374126533262,long,rsi2_extreme,fg_extreme,stable_growth,combo,macro,4,4,1.3186061280553922,1d long rsi2_extreme | fg_extreme + stable_growth [sl2_trail3],2.186492950514384,2.7013339289151816,50,54,0.18153802494570417,0.09807292050419286,1.872633006230527,0.1088849414568196,-0.14470738111561043,0.7921425181021168,191,1.1391531925180005,0.11645033001904381,-0.1447073811156101,0.6056711078848416,90,444,0.3188468339760224,0.46621621621621623,2.408899478740135,True
1d,256,sl1_tp2,347,0.6730831453667702,8.485128816193628,0.5763688760806917,2.517810552026556,233.55985144226926,0.05558916934770304,0.8846153846153846,6.815561959654179,747,0.24370902391562813,4.516438936069556,0.42704149933065594,1.4186818872466094,182.0506408649742,0.019116362278180452,0.6412213740458015,7.160642570281125,0.6318327921238729,0.4841250357853749,0.21049828765035403,,0.9549676985891711,0.08887895951018975,0.5939359818283665,long,cci_rev,vol_contracting,stable_growth,combo,macro,6,6,1.1006969246840494,1d long cci_rev | vol_contracting + stable_growth [sl1_tp2],2.6132621388993873,2.021207870373765,123,143,-0.00036445135951596947,-0.04211656572392026,3.7568648640933406,0.22894675286985167,-0.3332967140187192,1.1122822602816587,507,1.6331084171817343,0.3350265269729755,-0.30643124858092874,1.298646265814173,271,763,0.42415393041447513,0.4888597640891219,3.330085451473736,True
1d,302,sl1_tp2,194,0.32393448477714104,3.15036928663301,0.4845360824742268,1.6160645550391972,62.84329004676536,0.02388921446577385,0.6181818181818182,7.27319587628866,109,0.42529368419208097,3.242339379619478,0.5412844036697247,1.9490246484856617,46.35701157693683,0.03722853218893702,0.6363636363636364,9.871559633027523,,,0.38904042814772066,0.3878460269555775,,,0.41718063431584484,short,rsi_50_x,volume_high,stable_growth,combo,macro,3,3,1.0205132517231936,1d short rsi_50_x | volume_high + stable_growth [sl1_tp2],1.1161973030048713,1.8233130458385183,87,62,-0.05899014570582072,0.00490961641235527,1.7325606683036452,0.0883139540708846,-0.2405542243230422,0.5966429550475355,278,1.4937455178628718,0.6816100598063188,-0.11316854790141229,1.9307399583491995,108,122,0.5072159117937798,0.5409836065573771,2.5093791938387175,False
4h,262,sl1.5_tp3,358,0.713902360925582,9.200187981907636,0.5865921787709497,2.6803106516645143,255.57704521135835,0.03183000245484638,0.8705882352941177,8.974860335195531,732,0.41649248862895183,7.584706898688116,0.49043715846994534,1.7937318037994745,304.87250167639274,0.0266732984716151,0.7361111111111112,10.710382513661202,1.2905521605179064,-0.7793063235044692,1.2849825789743847,0.7631200945124825,0.7694916234374597,0.42088591791293395,0.4109292917956743,short,donchian_55,sess_europe,weekend,combo,ohlcv,6,7,3.1589734517557924,4h short donchian_55 | sess_europe + weekend [sl1.5_tp3],1.8316492465940053,1.3099940371128764,67,104,-0.04371747801712634,-0.019866893462672522,4.067572904188035,0.23606953077099813,-0.4628277858472454,0.95172288474141,544,1.7340226063328943,0.37732434820224214,-0.46282778584724593,1.0595835627553611,353,615,0.48171475629159305,0.510569105691057,1.6333636640881914,False
4h,251,sl2_trail3,268,0.5874495138754259,6.596322053539215,0.5746268656716418,3.0940164030686486,157.43646971861415,0.0303783329583533,0.7948717948717948,18.51492537313433,204,0.5869026558375748,5.103818941769343,0.5294117647058824,2.4458915244747867,119.72814179086527,0.03511845044832301,0.6309523809523809,20.568627450980394,0.15065617403952186,-0.3755615913879357,,,0.7838111920829229,0.6021598174557723,,short,keltner_breakout,ema50_gt_200,fg_extreme,combo,macro,3,4,2.995444891838548,4h short keltner_breakout | ema50_gt_200 + fg_extreme [sl2_trail3],2.192762701226907,0.9370911817862048,64,9,-0.05170150641610823,0.0013571119306817253,2.575160292190285,0.16814617790213648,-0.11873533933441627,0.8023185092155181,201,1.5862618314613695,0.31061458484054283,-0.050200105861379574,1.0162288395996844,44,209,0.667672298148153,0.5789473684210527,1.1881416307329369,False
4h,311,sl1.5_tp3,328,0.48509343546842826,5.957904783082611,0.5091463414634146,1.992725245002717,159.11064683364447,0.022898211393669637,0.7439024390243902,14.310975609756097,102,0.5085057758356277,3.5290719498614327,0.5294117647058824,2.0610208952683537,51.86758913523403,0.035224303796252875,0.65625,19.333333333333332,0.2264434212080624,-0.3800645028087166,,,0.6797658574150373,0.4941955092028399,,short,ichi_kumo_break,ribbon_aligned,fg_extreme,combo,macro,3,4,1.7119296361735472,4h short ichi_kumo_break | ribbon_aligned + fg_extreme [sl1.5_tp3],2.1883675616211273,2.0913055809322025,94,10,-0.04371747801712634,-0.019866893462672522,2.740919121061273,0.17818028659450658,-0.29563592672820416,0.9313195325758147,251,1.321098782384145,0.17580950704298148,-0.09963870758871507,0.9098726359223464,40,184,0.33514738127765736,0.45652173913043476,1.4241080660870362,False
4h,167,sl1_tp2,1844,0.27769780379275427,8.043319890489428,0.44685466377440347,1.4782600270663036,512.0747501938389,0.0073389547432795585,0.7272727272727273,5.239154013015185,1278,0.2612974084118527,6.304741474364653,0.4491392801251956,1.445322794230342,333.9380879503478,0.007861489090755548,0.6438356164383562,5.318466353677621,0.2531197500446493,0.3746974535218219,0.5456657082611764,0.1804369009663411,0.19026661848641047,0.3907484154141032,0.12519723251061027,short,bb_breakout,vol_contracting,fg_trend,combo,macro,7,7,1.6474126079582072,4h short bb_breakout | vol_contracting + fg_trend [sl1_tp2],2.554182486723253,1.6374785227505992,282,181,-0.0379515791088008,-0.03334841427117247,33.85567157164777,0.7099560094806974,-0.5523294404582233,1.2345180918354235,2054,2.586976384149115,0.7412076043326201,-0.39030822986887814,1.1834565726211819,776,1031,0.1702371446579798,0.4131910766246363,1.037003570367892,False
4h,145,sl1_tp2,1990,0.1785906950060971,5.472511226417626,0.4050251256281407,1.2964942549614358,355.3954830621332,0.0050369609473950505,0.797752808988764,6.049748743718593,177,1.4259842227938568,17.102641790781135,0.8305084745762712,9.506340751032772,252.39920743451265,0.039629629331714766,0.8785046728971962,4.169491525423729,0.021697795848872447,-0.15661318583844872,,,0.42433012678265053,1.4783936198695549,,short,vwap_1sd_break,vol_contracting,fg_extreme,combo,macro,3,4,0.9773395833545926,4h short vwap_1sd_break | vol_contracting + fg_extreme [sl1_tp2],1.4317445438279455,1.9036954813607203,171,10,-0.0379515791088008,-0.03334841427117247,4.568925834673466,0.28040798993837934,-0.7079275152410114,0.7809597420379888,1086,2.298715391930469,0.6277604716260541,-0.06160444274882382,1.7207368293238097,78,450,0.7432942714246416,0.6022222222222222,2.098946080336403,False
4h,229,sl2_tp2,515,0.20778881114873024,5.017853657078859,0.6116504854368932,1.5630476186804283,107.01123774159608,0.033239577017735084,0.7176470588235294,17.885436893203885,353,0.21423219419209039,4.451193958324886,0.5835694050991501,1.6388239518972922,75.62396454980791,0.04345601431208646,0.6030534351145038,17.560906515580736,,0.20160880331498404,-0.018274211032051204,,0.2107857322996053,0.22333697573022385,0.07724661741380932,long,vol_spike_reversal,breadth_extreme,stable_growth,combo,cross+macro,4,5,0.9249083007927388,4h long vol_spike_reversal | breadth_extreme + stable_growth [sl2_tp2],1.114498805704479,1.440947026610575,59,80,-0.028113193596642397,-0.036013673129505014,1.353197739446351,0.05188612805798942,-0.2579301774187217,0.45207596984631065,444,1.2426394033255592,0.137472318785973,-0.156877366875936,0.9659229408069497,209,765,0.027657025542237167,0.5111111111111111,0.2610815661628115,False
4h,278,sl1.5_tp3,1913,0.16447700393353443,5.245785433258473,0.4380554103502352,1.2949056503190561,314.64450852485135,0.0200676456254535,0.6704545454545454,18.515420805018294,1430,0.21545583922667355,5.921992861607464,0.46013986013986014,1.4021829321462396,308.1018500941432,0.016254434853504994,0.6896551724137931,17.87902097902098,0.044047726523104035,0.15222868883378723,-0.01784908970140946,0.05475193404938365,0.31076119726738355,0.2619548066399575,0.12541779760300462,long,bb_revert,adx_trending,volume_high,combo,ohlcv,6,7,0.8628110713405315,4h long bb_revert | adx_trending + volume_high [sl1.5_tp3],1.572409495603141,1.5629516176736957,354,302,-0.0359408711477107,-0.04136330410254181,1.1872479473209068,0.02602584793545959,-0.6434014072206196,0.2664831892360995,2103,0.9585411987881975,-0.02417403092146375,-0.4588281487099738,0.23844546025912502,841,1422,0.1416631479579201,0.42967651195499296,1.1342302556282426,False
4h,208,sl1.5_tp3,1776,0.20998742141191393,6.061184875231446,0.42511261261261263,1.3539563759921125,372.93766042755914,0.005817292601269262,0.7971014492753623,13.25900900900901,1605,0.17092719820032867,4.7608456099379195,0.4174454828660436,1.2851383266563967,274.3381531115275,0.005543102094803321,0.6054421768707483,13.70404984423676,,,0.17711825467362996,0.21063884899983892,0.9927310436024823,0.5018619606787554,0.11697044344841127,short,rsi_50_x,vol_contracting,stable_growth,combo,macro,5,5,0.8137580011710234,4h short rsi_50_x | vol_contracting + stable_growth [sl1.5_tp3],2.5784178435780727,1.841178279000102,308,133,-0.04371747801712634,-0.019866893462672522,2.927945124103804,0.17761965695687243,-0.42046042675263084,0.5998082990133567,1450,1.319058887005679,0.4190404867590305,-0.23305856652143986,0.8733926837189167,497,1106,0.26991874361719337,0.4430379746835443,2.480796577216394,False
4h,75,sl1.5_tp4_trail2.5,4657,0.13335318671089105,6.7694483286860985,0.3789993558084604,1.285314093346099,621.0257905126197,0.002927529612794238,0.8089887640449438,11.913248872664806,5749,0.12007338199803952,6.826793364805647,0.3854583405809706,1.254074051405435,690.3018731067292,0.006394470029299355,0.7278911564625851,12.314489476430683,0.19928810931324314,-0.05958641751792065,0.27801900949474506,0.06123067426386882,0.18201968569701146,0.2004201727694918,0.03550989067556849,short,ichi_tk_x,none,none,single,ohlcv,6,7,0.8128305550863161,4h short ichi_tk_x [sl1.5_tp4_trail2.5],2.651140104544519,1.7655935703871437,989,557,-0.0325619215417913,-0.020942429829001817,17.130321144966075,0.5297129198196067,-0.6047009113555403,0.9324043118622118,4949,2.179225871628247,0.5619796975597862,-0.6047009113555395,0.9949088115936194,1956,4213,0.19144021085426247,0.3968668407310705,2.5364914306225885,False
4h,234,sl1.5_tp4_trail2.5,3166,0.23634172233378783,9.217197571630125,0.40397978521794065,1.505925843384172,748.2578929087723,0.010054801287327615,0.8426966292134831,10.48389134554643,3012,0.14094537585413938,5.572380162185896,0.3947543160690571,1.2851818598636653,424.5274720726678,0.006426601132878611,0.6666666666666666,10.667662682602922,0.07453954466301334,0.1575698736803621,0.34784181889706617,0.16448642271148672,0.29800540489136534,0.2800271051885691,-0.02913464297032562,short,smc_choch,rsi_side,vol_contracting,combo,ohlcv,6,7,0.7854012163614412,4h short smc_choch | rsi_side + vol_contracting [sl1.5_tp4_trail2.5],3.628965903690484,1.694182151666251,674,433,-0.0325619215417913,-0.020942429829001817,83.35258484473555,0.9420313715967183,-0.7067586083533755,1.2815221886524506,3542,1.3674685303433671,0.1962215234566731,-0.7067586083533763,0.599935154635157,1436,2473,0.17834923669679295,0.40072786089769513,2.0414522689609416,False
1h,277,sl1.5_tp4_trail2.5,2462,0.1721410531371433,6.082065381944201,0.40861088545897645,1.3505026211609392,423.81127282364685,0.0060060859511393665,0.7802197802197802,11.399268887083672,1903,0.18009251491813774,6.0068448597257635,0.4440357330530741,1.412392611005351,342.71605588921614,0.010319007198558282,0.7006802721088435,11.392012611665791,0.19055636200874462,0.10896049904714306,0.3884866306416429,-0.1461633210734334,0.18806822760473166,0.15813260164345,0.2652857169299392,long,zscore_revert,above_vwap_w,stable_growth,combo,macro,6,7,1.034024600184629,1h long zscore_revert | above_vwap_w + stable_growth [sl1.5_tp4_trail2.5],1.7784496255924451,1.6583485131763394,319,215,-0.0936467294546476,-0.08368746408207432,4.54492686374882,0.2535606808702171,-0.5213406985108633,0.6917667482082805,2602,1.6125240719989051,0.31630616836243397,-0.4660307877325236,0.7425844701226157,1004,232,0.3450074591864084,0.5043103448275862,1.4214778345226293,False
