L,H,q,regime,n,mean,t,excess,t_excess,excess_2025,t_excess_2025
3,1,0.1,none,2174,0.0024883115741887152,1.9893205808544283,0.0021773253036245924,2.7138158642477967,0.0019386570786425134,1.9183110440901026
3,1,0.1,btc,1162,0.006148733937105027,3.3295812951839427,0.00422301826155151,3.190462823682052,0.002488256933756646,1.553661298021406
3,1,0.2,none,2174,0.00134225411712502,1.2779909447182936,0.0010312678465608971,2.1607999594263965,0.0008393636130025534,1.463074647441431
3,1,0.2,btc,1162,0.004130660676341095,2.8091171826496595,0.0022049450007875777,2.851169210079871,0.0013803420901067176,1.5473654514536073
3,7,0.1,none,310,0.014759681121325663,1.833210801954328,0.0047403018699046055,0.9857111372752854,0.008166811119293488,1.5047516549291788
3,7,0.1,btc,165,0.037516948077423895,2.908675383613317,0.013817666536191004,1.670395872139052,0.018210379259112744,1.9921320553871724
3,7,0.2,none,310,0.011969053165301367,1.6430170058962876,0.0019496739138803092,0.6145361958323308,0.004780416026830203,1.32111097867107
3,7,0.2,btc,165,0.028056665590786813,2.6229362197496293,0.004357384049553932,0.891361168057943,0.01624157656681831,2.6322240575813725
7,1,0.1,none,2174,0.002320093300466147,1.9010709188868544,0.002009107029902024,2.5875965804877525,0.0013860431768629505,1.458424686298955
7,1,0.1,btc,1162,0.0056000702659711596,3.123127133289252,0.003674354590417642,2.9371584923503176,0.0018970719247750963,1.2747261480591645
7,1,0.2,none,2174,0.0016912182725090218,1.606673517740638,0.001380232001944899,2.927986505678752,0.0004421964796898281,0.787903605535622
7,1,0.2,btc,1162,0.004641638113296836,3.102918209783597,0.0027159224377433185,3.556807922109832,0.0011074603117585081,1.2978272505786204
7,7,0.1,none,310,0.01526364143966937,1.833085247219974,0.00524426218824831,1.0045091772090242,0.002128971079640407,0.3912067358606169
7,7,0.1,btc,165,0.0327596728765605,2.722637567792808,0.009060391335327603,1.162813188346355,0.008070908241444708,0.8237543438533856
7,7,0.2,none,310,0.013647206916339109,1.9199797691924183,0.003627827664918049,1.1349708721013363,0.0019750544583468314,0.46646626576723155
7,7,0.2,btc,165,0.031238819817509707,2.940529236008645,0.0075395382762768175,1.524638099422874,0.006569634565122201,0.8321171434596476
14,1,0.1,none,2174,0.002381179850040989,1.9491433671828557,0.002070193579476867,2.7114955089466983,0.0025101566385314143,2.6445078164606475
14,1,0.1,btc,1162,0.005769395755796032,3.1724068686392077,0.003843680080242516,3.0809886490818754,0.0040996236270360005,2.598357288052507
14,1,0.2,none,2174,0.0019464046163470013,1.8379541054653588,0.0016354183457828787,3.4755965799002464,0.0015066203060357154,2.747535647371671
14,1,0.2,btc,1162,0.004970865301361763,3.2927555200079013,0.003045149625808247,4.014732287670556,0.002800494632757639,3.1248719291984046
14,7,0.1,none,310,0.021835660847147605,2.500531957446328,0.011816281595726542,2.1839854346165324,0.011581756147861968,1.8657576827863596
14,7,0.1,btc,165,0.04195260216952104,3.158279023639218,0.01825332062828814,2.135008302887894,0.018354382414767965,1.6984058672050824
14,7,0.2,none,310,0.014659035718967444,2.0204362631937225,0.004639656467546386,1.449351885144496,0.004909883414616575,1.2820722941668437
14,7,0.2,btc,165,0.03298826986907354,2.978967214563228,0.009288988327840654,1.7836161861579145,0.012071223449258936,1.9438420683450777
